prompt_id,domain,vagueness,annotation_tier,coverage_scorer,param_name,param_weight,scorer_status,scorer_evidence,human_status,human_notes
N09,Consulting,Ultra-vague,clear,0.1789,main_content_purpose,100,MENTIONED,Primary Goal: Client Input Required,MENTIONED,
N09,Consulting,Ultra-vague,clear,0.1789,target_audience,95,MENTIONED,Target Audience Demographics: Client Input Required,MENTIONED,
N09,Consulting,Ultra-vague,clear,0.1789,pages_structure,90,RESOLVED,signup form must be available; dedicated landing page,RESOLVED,
N09,Consulting,Ultra-vague,clear,0.1789,core_features,85,RESOLVED,"manage subscriber lists, drag-and-drop editor, welcome sequence, analytics",RESOLVED,
N09,Consulting,Ultra-vague,clear,0.1789,design_style,75,ABSENT,not evaluated,ABSENT,
N09,Consulting,Ultra-vague,clear,0.1789,content_ready,70,ABSENT,not evaluated,ABSENT,
N09,Consulting,Ultra-vague,clear,0.1789,existing_branding,65,ABSENT,not evaluated,ABSENT,
N09,Consulting,Ultra-vague,clear,0.1789,technical_platform,60,ABSENT,not evaluated,ABSENT,
N09,Consulting,Ultra-vague,clear,0.1789,integrations,58,ABSENT,not evaluated,ABSENT,
N09,Consulting,Ultra-vague,clear,0.1789,budget_range,55,ABSENT,not evaluated,ABSENT,
N09,Consulting,Ultra-vague,clear,0.1789,timeline,50,ABSENT,not evaluated,ABSENT,
N09,Consulting,Ultra-vague,clear,0.1789,seo_requirements,45,ABSENT,not evaluated,ABSENT,
N09,Consulting,Ultra-vague,clear,0.1789,user_accounts,40,ABSENT,not evaluated,ABSENT,
N09,Consulting,Ultra-vague,clear,0.1789,content_management,35,ABSENT,not evaluated,ABSENT,
N09,Consulting,Ultra-vague,clear,0.1789,analytics_needs,30,ABSENT,not evaluated,ABSENT,
N09,Consulting,Ultra-vague,clear,0.1789,multilingual_support,15,ABSENT,not evaluated,ABSENT,
N09,Consulting,Ultra-vague,clear,0.1789,accessibility,10,ABSENT,not evaluated,ABSENT,
P11,Consulting,Medium,clear,0.4172,main_content_purpose,100,RESOLVED,"track sales leads, assign tasks, pipeline overview",RESOLVED,
P11,Consulting,Medium,clear,0.4172,target_audience,95,RESOLVED,"team of 10 people; Administrator, Team Member roles",RESOLVED,
P11,Consulting,Medium,clear,0.4172,pages_structure,90,MENTIONED,"dashboard, User Management, Lead Management sections",MENTIONED,
P11,Consulting,Medium,clear,0.4172,core_features,85,RESOLVED,"User auth, Lead management, Task management, Pipeline visualization",RESOLVED,
P11,Consulting,Medium,clear,0.4172,design_style,75,MENTIONED,prioritizes functionality... over elaborate aesthetics,MENTIONED,
P11,Consulting,Medium,clear,0.4172,content_ready,70,ABSENT,Not addressed,ABSENT,
P11,Consulting,Medium,clear,0.4172,existing_branding,65,ABSENT,Not addressed,ABSENT,
P11,Consulting,Medium,clear,0.4172,technical_platform,60,MENTIONED,Mobile application out of scope (implies web),RESOLVED,
P11,Consulting,Medium,clear,0.4172,integrations,58,RESOLVED,"External CRM, email, calendars out of scope",RESOLVED,
P11,Consulting,Medium,clear,0.4172,budget_range,55,ABSENT,Not addressed,ABSENT,
P11,Consulting,Medium,clear,0.4172,timeline,50,ABSENT,Not addressed,ABSENT,
P11,Consulting,Medium,clear,0.4172,seo_requirements,45,ABSENT,Not addressed,ABSENT,
P11,Consulting,Medium,clear,0.4172,user_accounts,40,RESOLVED,"User authentication, Administrator/Team Member roles defined",RESOLVED,
P11,Consulting,Medium,clear,0.4172,content_management,35,MENTIONED,Roles define who can create/edit leads/tasks,RESOLVED,
P11,Consulting,Medium,clear,0.4172,analytics_needs,30,RESOLVED,Sales pipeline visualization; complex analytics out of scope,RESOLVED,
P11,Consulting,Medium,clear,0.4172,multilingual_support,15,ABSENT,Not addressed,ABSENT,
P11,Consulting,Medium,clear,0.4172,accessibility,10,ABSENT,Not addressed,ABSENT,
P10,Consulting,Medium,clear,0.4376,main_content_purpose,100,RESOLVED,"showcase work, get clients, professional presence",RESOLVED,
P10,Consulting,Medium,clear,0.4376,target_audience,95,RESOLVED,"freelance clients, industry peers, recruiters",RESOLVED,
P10,Consulting,Medium,clear,0.4376,pages_structure,90,RESOLVED,"Home, Portfolio, About, Blog, Contact, Privacy, 404",RESOLVED,
P10,Consulting,Medium,clear,0.4376,core_features,85,RESOLVED,"gallery, contact form, blog, filtering, social sharing",RESOLVED,
P10,Consulting,Medium,clear,0.4376,design_style,75,MENTIONED,"visually appealing grid, custom-designed 404",RESOLVED,
P10,Consulting,Medium,clear,0.4376,content_ready,70,ABSENT,Not addressed,ABSENT,
P10,Consulting,Medium,clear,0.4376,existing_branding,65,ABSENT,Not addressed,ABSENT,
P10,Consulting,Medium,clear,0.4376,technical_platform,60,MENTIONED,"portfolio website, responsive manner",RESOLVED,
P10,Consulting,Medium,clear,0.4376,integrations,58,RESOLVED,"Social Sharing buttons (LinkedIn, Pinterest, X/Twitter)",RESOLVED,
P10,Consulting,Medium,clear,0.4376,budget_range,55,ABSENT,Not addressed,ABSENT,
P10,Consulting,Medium,clear,0.4376,timeline,50,ABSENT,Not addressed,ABSENT,
P10,Consulting,Medium,clear,0.4376,seo_requirements,45,MENTIONED,attract and convert website visitors,RESOLVED,
P10,Consulting,Medium,clear,0.4376,user_accounts,40,ABSENT,Not addressed,ABSENT,
P10,Consulting,Medium,clear,0.4376,content_management,35,MENTIONED,designer to define and manage custom categories,RESOLVED,
P10,Consulting,Medium,clear,0.4376,analytics_needs,30,ABSENT,Not addressed,ABSENT,
P10,Consulting,Medium,clear,0.4376,multilingual_support,15,ABSENT,Not addressed,ABSENT,
P10,Consulting,Medium,clear,0.4376,accessibility,10,ABSENT,Not addressed,ABSENT,
N13,Consulting,Medium,clear,0.7188,main_content_purpose,100,RESOLVED,primary goal... central hub for employees,RESOLVED,
N13,Consulting,Medium,clear,0.7188,target_audience,95,RESOLVED,for employees,RESOLVED,
N13,Consulting,Medium,clear,0.7188,pages_structure,90,RESOLVED,"Personalized Dashboard, DMS, Team Directory, Announcements, IT Helpdesk",RESOLVED,
N13,Consulting,Medium,clear,0.7188,core_features,85,RESOLVED,"DMS, Team Directory, Announcements, IT Helpdesk, Global Search",RESOLVED,
N13,Consulting,Medium,clear,0.7188,design_style,75,RESOLVED,"incorporate company branding, logo, color scheme, typography",RESOLVED,
N13,Consulting,Medium,clear,0.7188,content_ready,70,ABSENT,Not addressed,ABSENT,
N13,Consulting,Medium,clear,0.7188,existing_branding,65,RESOLVED,"incorporate company branding, including logo, color scheme",RESOLVED,
N13,Consulting,Medium,clear,0.7188,technical_platform,60,RESOLVED,"web-based, mobile-responsive design is a requirement",RESOLVED,
N13,Consulting,Medium,clear,0.7188,integrations,58,RESOLVED,integrated with Active Directory/LDAP or SSO,RESOLVED,
N13,Consulting,Medium,clear,0.7188,budget_range,55,ABSENT,Not addressed,ABSENT,
N13,Consulting,Medium,clear,0.7188,timeline,50,ABSENT,Not addressed,ABSENT,
N13,Consulting,Medium,clear,0.7188,seo_requirements,45,ABSENT,Not addressed,ABSENT,
N13,Consulting,Medium,clear,0.7188,user_accounts,40,RESOLVED,"User Roles: Employee, Content Admin, IT Agent, System Admin",RESOLVED,
N13,Consulting,Medium,clear,0.7188,content_management,35,RESOLVED,"Content Administrator role defined for managing documents, announcements",RESOLVED,
N13,Consulting,Medium,clear,0.7188,analytics_needs,30,MENTIONED,Advanced analytics dashboards for content consumption (Out of scope),RESOLVED,
N13,Consulting,Medium,clear,0.7188,multilingual_support,15,ABSENT,Not addressed,ABSENT,
N13,Consulting,Medium,clear,0.7188,accessibility,10,ABSENT,Not addressed,ABSENT,
P16,Consulting,Detailed,clear,0.637,main_content_purpose,100,RESOLVED,multi-vendor e-commerce marketplace specializing in vintage clothing,RESOLVED,
P16,Consulting,Detailed,clear,0.637,target_audience,95,RESOLVED,Individuals aged 18-35 in France,RESOLVED,
P16,Consulting,Detailed,clear,0.637,pages_structure,90,RESOLVED,"seller registration, product listing, review system, admin dashboard",RESOLVED,
P16,Consulting,Detailed,clear,0.637,core_features,85,RESOLVED,"ID verification, product listing, Stripe Connect, review system, dispute",RESOLVED,
P16,Consulting,Detailed,clear,0.637,design_style,75,ABSENT,Not addressed.,ABSENT,
P16,Consulting,Detailed,clear,0.637,content_ready,70,ABSENT,Not addressed.,ABSENT,
P16,Consulting,Detailed,clear,0.637,existing_branding,65,ABSENT,Not addressed.,ABSENT,
P16,Consulting,Detailed,clear,0.637,technical_platform,60,RESOLVED,A mobile-first approach,RESOLVED,
P16,Consulting,Detailed,clear,0.637,integrations,58,RESOLVED,Stripe Connect for split payments,RESOLVED,
P16,Consulting,Detailed,clear,0.637,budget_range,55,ABSENT,Not addressed.,ABSENT,
P16,Consulting,Detailed,clear,0.637,timeline,50,RESOLVED,launch within 4 months,RESOLVED,
P16,Consulting,Detailed,clear,0.637,seo_requirements,45,RESOLVED,"Strong SEO, high visibility through effective SEO strategies",RESOLVED,
P16,Consulting,Detailed,clear,0.637,user_accounts,40,RESOLVED,"register for an account using email and password, social login",RESOLVED,
P16,Consulting,Detailed,clear,0.637,content_management,35,MENTIONED,"Sellers shall be able to create, edit, and delete product listings",RESOLVED,
P16,Consulting,Detailed,clear,0.637,analytics_needs,30,MENTIONED,monitoring platform performance,RESOLVED,
P16,Consulting,Detailed,clear,0.637,multilingual_support,15,ABSENT,Not addressed.,ABSENT,
P16,Consulting,Detailed,clear,0.637,accessibility,10,ABSENT,Not addressed.,ABSENT,
N15,Consulting,Medium,ambiguous,0.4836,main_content_purpose,100,RESOLVED,events ticketing site for live music,RESOLVED,
N15,Consulting,Medium,ambiguous,0.4836,target_audience,95,RESOLVED,"Organisers, attendees, QR code entry (Door Staff)",RESOLVED,
N15,Consulting,Medium,ambiguous,0.4836,pages_structure,90,MENTIONED,"create events, set seat maps, buy tickets imply pages",RESOLVED,
N15,Consulting,Medium,ambiguous,0.4836,core_features,85,RESOLVED,"create events, set seat maps, buy tickets, QR code, Email confirmations",RESOLVED,
N15,Consulting,Medium,ambiguous,0.4836,design_style,75,ABSENT,"No mention of design, style, or aesthetic",ABSENT,
N15,Consulting,Medium,ambiguous,0.4836,content_ready,70,ABSENT,No mention of content readiness,ABSENT,
N15,Consulting,Medium,ambiguous,0.4836,existing_branding,65,ABSENT,No mention of branding elements,ABSENT,
N15,Consulting,Medium,ambiguous,0.4836,technical_platform,60,RESOLVED,site (implies web),RESOLVED,
N15,Consulting,Medium,ambiguous,0.4836,integrations,58,RESOLVED,"Stripe, QR code",RESOLVED,
N15,Consulting,Medium,ambiguous,0.4836,budget_range,55,ABSENT,No mention of budget,ABSENT,
N15,Consulting,Medium,ambiguous,0.4836,timeline,50,ABSENT,No mention of timeline,ABSENT,
N15,Consulting,Medium,ambiguous,0.4836,seo_requirements,45,ABSENT,No mention of SEO,ABSENT,
N15,Consulting,Medium,ambiguous,0.4836,user_accounts,40,RESOLVED,"Organisers create events, attendees buy tickets",RESOLVED,
N15,Consulting,Medium,ambiguous,0.4836,content_management,35,RESOLVED,"Organisers create events, set seat maps",RESOLVED,
N15,Consulting,Medium,ambiguous,0.4836,analytics_needs,30,ABSENT,No mention of analytics,ABSENT,
N15,Consulting,Medium,ambiguous,0.4836,multilingual_support,15,ABSENT,No mention of languages,ABSENT,
N15,Consulting,Medium,ambiguous,0.4836,accessibility,10,ABSENT,No mention of accessibility,ABSENT,
N12,Consulting,Medium,ambiguous,0.455,main_content_purpose,100,RESOLVED,primary goal is to provide a platform where visitors can search,RESOLVED,
N12,Consulting,Medium,ambiguous,0.455,target_audience,95,RESOLVED,"Visitors: Individuals, Real Estate Agents: Professionals, Administrators: Personnel",RESOLVED,
N12,Consulting,Medium,ambiguous,0.455,pages_structure,90,RESOLVED,"Homepage, Search Functionality, Listing Search, Agent Login",RESOLVED,
N12,Consulting,Medium,ambiguous,0.455,core_features,85,RESOLVED,"search by City, Price Range, Property Type; manage listings",RESOLVED,
N12,Consulting,Medium,ambiguous,0.455,design_style,75,MENTIONED,"user-friendly, responsive, adapting its layout for various screen sizes",RESOLVED,
N12,Consulting,Medium,ambiguous,0.455,content_ready,70,MENTIONED,Can manage static website content,RESOLVED,
N12,Consulting,Medium,ambiguous,0.455,existing_branding,65,ABSENT,Not addressed,ABSENT,
N12,Consulting,Medium,ambiguous,0.455,technical_platform,60,MENTIONED,"Real Estate Listing Website, responsive for various screen sizes",RESOLVED,
N12,Consulting,Medium,ambiguous,0.455,integrations,58,MENTIONED,"does not include... payment gateways, or complex analytics",RESOLVED,
N12,Consulting,Medium,ambiguous,0.455,budget_range,55,ABSENT,Not addressed,ABSENT,
N12,Consulting,Medium,ambiguous,0.455,timeline,50,ABSENT,Not addressed,ABSENT,
N12,Consulting,Medium,ambiguous,0.455,seo_requirements,45,ABSENT,Not addressed,ABSENT,
N12,Consulting,Medium,ambiguous,0.455,user_accounts,40,RESOLVED,"three primary user roles, Requires an account and login credentials",RESOLVED,
N12,Consulting,Medium,ambiguous,0.455,content_management,35,RESOLVED,Administrators... Can manage static website content; Agents... manage listings,RESOLVED,
N12,Consulting,Medium,ambiguous,0.455,analytics_needs,30,MENTIONED,"does not include... complex analytics, for future phases",RESOLVED,
N12,Consulting,Medium,ambiguous,0.455,multilingual_support,15,ABSENT,Not addressed,ABSENT,
N12,Consulting,Medium,ambiguous,0.455,accessibility,10,ABSENT,Not addressed,ABSENT,
N06,Consulting,Ultra-vague,ambiguous,0.4192,main_content_purpose,100,RESOLVED,primary goal is to provide a centralized system,RESOLVED,
N06,Consulting,Ultra-vague,ambiguous,0.4192,target_audience,95,RESOLVED,"Sales Representatives (3-5 users), Sales Manager (1 user), Administrator (1 user)",RESOLVED,
N06,Consulting,Ultra-vague,ambiguous,0.4192,pages_structure,90,RESOLVED,"User & Role Management, Lead Management, Contact Management, Account Management",RESOLVED,
N06,Consulting,Ultra-vague,ambiguous,0.4192,core_features,85,RESOLVED,"FR-UM-001, FR-LM-001, FR-CM-001, FR-AM-001 details",RESOLVED,
N06,Consulting,Ultra-vague,ambiguous,0.4192,design_style,75,ABSENT,Not addressed,ABSENT,
N06,Consulting,Ultra-vague,ambiguous,0.4192,content_ready,70,ABSENT,Not addressed,ABSENT,
N06,Consulting,Ultra-vague,ambiguous,0.4192,existing_branding,65,ABSENT,Not addressed,ABSENT,
N06,Consulting,Ultra-vague,ambiguous,0.4192,technical_platform,60,MENTIONED,implement or configure a CRM system,RESOLVED,
N06,Consulting,Ultra-vague,ambiguous,0.4192,integrations,58,ABSENT,Not addressed,ABSENT,
N06,Consulting,Ultra-vague,ambiguous,0.4192,budget_range,55,ABSENT,Not addressed,ABSENT,
N06,Consulting,Ultra-vague,ambiguous,0.4192,timeline,50,ABSENT,Not addressed,ABSENT,
N06,Consulting,Ultra-vague,ambiguous,0.4192,seo_requirements,45,ABSENT,Not addressed,ABSENT,
N06,Consulting,Ultra-vague,ambiguous,0.4192,user_accounts,40,RESOLVED,"FR-UM-001 to FR-UM-005 detail user management, roles, authentication",RESOLVED,
N06,Consulting,Ultra-vague,ambiguous,0.4192,content_management,35,ABSENT,Not addressed (in context of website content),RESOLVED,
N06,Consulting,Ultra-vague,ambiguous,0.4192,analytics_needs,30,MENTIONED,"improving sales efficiency, tracking, and reporting",RESOLVED,
N06,Consulting,Ultra-vague,ambiguous,0.4192,multilingual_support,15,ABSENT,Not addressed,ABSENT,
N06,Consulting,Ultra-vague,ambiguous,0.4192,accessibility,10,ABSENT,Not addressed,ABSENT,
P15,Consulting,Medium,ambiguous,0.5399,main_content_purpose,100,RESOLVED,connect dog owners with local dog walkers,RESOLVED,
P15,Consulting,Medium,ambiguous,0.5399,target_audience,95,RESOLVED,"Dog Owners, Dog Walkers",RESOLVED,
P15,Consulting,Medium,ambiguous,0.5399,pages_structure,90,RESOLVED,"User Management & Profiles, User Registration, Login",RESOLVED,
P15,Consulting,Medium,ambiguous,0.5399,core_features,85,RESOLVED,"post a request, walkers apply, payment, user profiles",RESOLVED,
P15,Consulting,Medium,ambiguous,0.5399,design_style,75,ABSENT,Not addressed,ABSENT,
P15,Consulting,Medium,ambiguous,0.5399,content_ready,70,ABSENT,Not addressed,ABSENT,
P15,Consulting,Medium,ambiguous,0.5399,existing_branding,65,ABSENT,Not addressed,ABSENT,
P15,Consulting,Medium,ambiguous,0.5399,technical_platform,60,RESOLVED,mobile application,RESOLVED,
P15,Consulting,Medium,ambiguous,0.5399,integrations,58,RESOLVED,"third-party authentication (Google, Apple ID), in-app payment",RESOLVED,
P15,Consulting,Medium,ambiguous,0.5399,budget_range,55,ABSENT,Not addressed,ABSENT,
P15,Consulting,Medium,ambiguous,0.5399,timeline,50,ABSENT,Not addressed,ABSENT,
P15,Consulting,Medium,ambiguous,0.5399,seo_requirements,45,ABSENT,Not addressed,ABSENT,
P15,Consulting,Medium,ambiguous,0.5399,user_accounts,40,RESOLVED,"User Registration, Login, Roles (Owner, Walker, Admin)",RESOLVED,
P15,Consulting,Medium,ambiguous,0.5399,content_management,35,ABSENT,Not addressed,ABSENT,
P15,Consulting,Medium,ambiguous,0.5399,analytics_needs,30,ABSENT,Not addressed,ABSENT,
P15,Consulting,Medium,ambiguous,0.5399,multilingual_support,15,ABSENT,Not addressed,ABSENT,
P15,Consulting,Medium,ambiguous,0.5399,accessibility,10,ABSENT,Not addressed,ABSENT,
P05,Consulting,Ultra-vague,ambiguous,0.4376,main_content_purpose,100,RESOLVED,"Establish online presence, increase customer acquisition, improve brand visibility, provide informat",RESOLVED,
P05,Consulting,Ultra-vague,ambiguous,0.4376,target_audience,95,MENTIONED,"Requires input from client, questions asked",RESOLVED,
P05,Consulting,Ultra-vague,ambiguous,0.4376,pages_structure,90,RESOLVED,"Homepage, About Us, Services/Products, Contact Us, Privacy Policy",RESOLVED,
P05,Consulting,Ultra-vague,ambiguous,0.4376,core_features,85,RESOLVED,"CMS, Responsive Design, Navigation, Contact Forms, CTAs, Social Media",RESOLVED,
P05,Consulting,Ultra-vague,ambiguous,0.4376,design_style,75,MENTIONED,"modern, user-friendly, responsive website",RESOLVED,
P05,Consulting,Ultra-vague,ambiguous,0.4376,content_ready,70,ABSENT,Not addressed,ABSENT,
P05,Consulting,Ultra-vague,ambiguous,0.4376,existing_branding,65,MENTIONED,accurately represents the client's brand,RESOLVED,
P05,Consulting,Ultra-vague,ambiguous,0.4376,technical_platform,60,RESOLVED,"CMS (e.g., WordPress, Squarespace, Shopify, custom)",RESOLVED,
P05,Consulting,Ultra-vague,ambiguous,0.4376,integrations,58,RESOLVED,Social Media Integration,RESOLVED,
P05,Consulting,Ultra-vague,ambiguous,0.4376,budget_range,55,ABSENT,Not addressed,RESOLVED,
P05,Consulting,Ultra-vague,ambiguous,0.4376,timeline,50,ABSENT,Not addressed,RESOLVED,
P05,Consulting,Ultra-vague,ambiguous,0.4376,seo_requirements,45,MENTIONED,Enhance discoverability online through search engines,RESOLVED,
P05,Consulting,Ultra-vague,ambiguous,0.4376,user_accounts,40,ABSENT,Not addressed,ABSENT,
P05,Consulting,Ultra-vague,ambiguous,0.4376,content_management,35,RESOLVED,CMS allows client to easily update content,RESOLVED,
P05,Consulting,Ultra-vague,ambiguous,0.4376,analytics_needs,30,ABSENT,Not addressed,ABSENT,
P05,Consulting,Ultra-vague,ambiguous,0.4376,multilingual_support,15,ABSENT,Not addressed,ABSENT,
P05,Consulting,Ultra-vague,ambiguous,0.4376,accessibility,10,ABSENT,Not addressed,ABSENT,
P21,Medical,Ultra-vague,clear,0.2822,primary_site,100,RESOLVED,"Diagnosis Name (e.g., ""Lung Cancer"")",RESOLVED,
P21,Medical,Ultra-vague,clear,0.2822,stage_classification,95,RESOLVED,"Severity/Stage (e.g., for cancer: Stage I, II, III, IV)",RESOLVED,
P21,Medical,Ultra-vague,clear,0.2822,treatment_received,90,RESOLVED,"Treatment Type (e.g., ""Chemotherapy"", ""Radiation"", ""Surgery"")",RESOLVED,
P21,Medical,Ultra-vague,clear,0.2822,histology_subtype,85,ABSENT,not evaluated,ABSENT,
P21,Medical,Ultra-vague,clear,0.2822,performance_status,80,ABSENT,not evaluated,ABSENT,
P21,Medical,Ultra-vague,clear,0.2822,response_to_treatment,75,ABSENT,not evaluated,ABSENT,
P21,Medical,Ultra-vague,clear,0.2822,current_medications,70,ABSENT,not evaluated,ABSENT,
P21,Medical,Ultra-vague,clear,0.2822,biomarkers,65,ABSENT,not evaluated,ABSENT,
P21,Medical,Ultra-vague,clear,0.2822,imaging_findings,60,ABSENT,not evaluated,ABSENT,
P21,Medical,Ultra-vague,clear,0.2822,comorbidities,55,ABSENT,not evaluated,ABSENT,
P21,Medical,Ultra-vague,clear,0.2822,patient_demographics,50,ABSENT,not evaluated,ABSENT,
P21,Medical,Ultra-vague,clear,0.2822,lab_values,45,ABSENT,not evaluated,ABSENT,
P21,Medical,Ultra-vague,clear,0.2822,treatment_plan,40,ABSENT,not evaluated,ABSENT,
P21,Medical,Ultra-vague,clear,0.2822,follow_up_schedule,35,ABSENT,not evaluated,ABSENT,
P21,Medical,Ultra-vague,clear,0.2822,patient_preferences,30,ABSENT,not evaluated,ABSENT,
P21,Medical,Ultra-vague,clear,0.2822,contraindications,20,ABSENT,not evaluated,ABSENT,
P21,Medical,Ultra-vague,clear,0.2822,family_history,15,ABSENT,not evaluated,ABSENT,
N42,Medical,Medium,clear,0.6337,primary_site,100,RESOLVED,NSCLC (Lung),RESOLVED,
N42,Medical,Medium,clear,0.6337,stage_classification,95,RESOLVED,stage IVB,RESOLVED,
N42,Medical,Medium,clear,0.6337,treatment_received,90,RESOLVED,osimertinib 80mg daily,RESOLVED,
N42,Medical,Medium,clear,0.6337,histology_subtype,85,RESOLVED,EGFR-mutant NSCLC,RESOLVED,
N42,Medical,Medium,clear,0.6337,performance_status,80,MENTIONED,"Tolerating treatment well, mild diarrhea grade 1",RESOLVED,
N42,Medical,Medium,clear,0.6337,response_to_treatment,75,RESOLVED,stable disease,RESOLVED,
N42,Medical,Medium,clear,0.6337,current_medications,70,RESOLVED,osimertinib 80mg daily,RESOLVED,
N42,Medical,Medium,clear,0.6337,biomarkers,65,RESOLVED,EGFR-mutant (exon 19 deletion),RESOLVED,
N42,Medical,Medium,clear,0.6337,imaging_findings,60,RESOLVED,6-month restaging CT shows stable disease,RESOLVED,
N42,Medical,Medium,clear,0.6337,comorbidities,55,ABSENT,Not addressed,ABSENT,
N42,Medical,Medium,clear,0.6337,patient_demographics,50,ABSENT,Not addressed,ABSENT,
N42,Medical,Medium,clear,0.6337,lab_values,45,ABSENT,Not addressed,ABSENT,
N42,Medical,Medium,clear,0.6337,treatment_plan,40,ABSENT,Not addressed,ABSENT,
N42,Medical,Medium,clear,0.6337,follow_up_schedule,35,ABSENT,Not addressed,ABSENT,
N42,Medical,Medium,clear,0.6337,patient_preferences,30,ABSENT,Not addressed,ABSENT,
N42,Medical,Medium,clear,0.6337,contraindications,20,ABSENT,Not addressed,ABSENT,
N42,Medical,Medium,clear,0.6337,family_history,15,ABSENT,Not addressed,ABSENT,
P31,Medical,Medium,clear,0.1139,primary_site,100,RESOLVED,right forearm,RESOLVED,
P31,Medical,Medium,clear,0.1139,stage_classification,95,ABSENT,Not addressed,ABSENT,
P31,Medical,Medium,clear,0.1139,treatment_received,90,ABSENT,Not addressed,ABSENT,
P31,Medical,Medium,clear,0.1139,histology_subtype,85,ABSENT,Biopsy pending,ABSENT,
P31,Medical,Medium,clear,0.1139,performance_status,80,ABSENT,Not addressed,ABSENT,
P31,Medical,Medium,clear,0.1139,response_to_treatment,75,ABSENT,No treatment given,ABSENT,
P31,Medical,Medium,clear,0.1139,current_medications,70,ABSENT,Not addressed,ABSENT,
P31,Medical,Medium,clear,0.1139,biomarkers,65,ABSENT,Not addressed,ABSENT,
P31,Medical,Medium,clear,0.1139,imaging_findings,60,ABSENT,Not addressed,ABSENT,
P31,Medical,Medium,clear,0.1139,comorbidities,55,ABSENT,Not addressed,ABSENT,
P31,Medical,Medium,clear,0.1139,patient_demographics,50,ABSENT,"No age, sex, or other demographics",ABSENT,
P31,Medical,Medium,clear,0.1139,lab_values,45,ABSENT,Not addressed,ABSENT,
P31,Medical,Medium,clear,0.1139,treatment_plan,40,MENTIONED,Biopsy pending,MENTIONED,
P31,Medical,Medium,clear,0.1139,follow_up_schedule,35,ABSENT,Not addressed,ABSENT,
P31,Medical,Medium,clear,0.1139,patient_preferences,30,ABSENT,Not addressed,ABSENT,
P31,Medical,Medium,clear,0.1139,contraindications,20,ABSENT,Not addressed,ABSENT,
P31,Medical,Medium,clear,0.1139,family_history,15,RESOLVED,family history of melanoma,RESOLVED,
N34,Medical,Ultra-vague,clear,0.2327,primary_site,100,RESOLVED,suspected pediatric leukemia,RESOLVED,
N34,Medical,Ultra-vague,clear,0.2327,stage_classification,95,MENTIONED,"initial diagnosis explanation, diagnostic procedures",MENTIONED,
N34,Medical,Ultra-vague,clear,0.2327,treatment_received,90,MENTIONED,"Treatment Options Overview, chemotherapy, radiation therapy",MENTIONED,
N34,Medical,Ultra-vague,clear,0.2327,histology_subtype,85,RESOLVED,"Common types (ALL, AML)",RESOLVED,
N34,Medical,Ultra-vague,clear,0.2327,performance_status,80,ABSENT,Not addressed,ABSENT,
N34,Medical,Ultra-vague,clear,0.2327,response_to_treatment,75,ABSENT,Not addressed,ABSENT,
N34,Medical,Ultra-vague,clear,0.2327,current_medications,70,ABSENT,Not addressed,ABSENT,
N34,Medical,Ultra-vague,clear,0.2327,biomarkers,65,MENTIONED,"further tests, diagnostic procedures",MENTIONED,
N34,Medical,Ultra-vague,clear,0.2327,imaging_findings,60,MENTIONED,imaging scans,MENTIONED,
N34,Medical,Ultra-vague,clear,0.2327,comorbidities,55,ABSENT,Not addressed,ABSENT,
N34,Medical,Ultra-vague,clear,0.2327,patient_demographics,50,RESOLVED,"young patient, pediatric leukemia",RESOLVED,
N34,Medical,Ultra-vague,clear,0.2327,lab_values,45,MENTIONED,blood tests,MENTIONED,
N34,Medical,Ultra-vague,clear,0.2327,treatment_plan,40,MENTIONED,"initial treatment planning, next steps",MENTIONED,
N34,Medical,Ultra-vague,clear,0.2327,follow_up_schedule,35,ABSENT,Not addressed,ABSENT,
N34,Medical,Ultra-vague,clear,0.2327,patient_preferences,30,ABSENT,Not addressed,ABSENT,
N34,Medical,Ultra-vague,clear,0.2327,contraindications,20,ABSENT,Not addressed,ABSENT,
N34,Medical,Ultra-vague,clear,0.2327,family_history,15,ABSENT,Not addressed,ABSENT,
N32,Medical,Ultra-vague,clear,0.0,primary_site,100,MENTIONED,Anatomical Site(s) for Biopsy,MENTIONED,
N32,Medical,Ultra-vague,clear,0.0,stage_classification,95,ABSENT,does not cover full cancer staging,ABSENT,
N32,Medical,Ultra-vague,clear,0.0,treatment_received,90,ABSENT,"does not cover full cancer staging, treatment planning",ABSENT,
N32,Medical,Ultra-vague,clear,0.0,histology_subtype,85,MENTIONED,receipt and notification of pathology results,MENTIONED,
N32,Medical,Ultra-vague,clear,0.0,performance_status,80,ABSENT,Not addressed,ABSENT,
N32,Medical,Ultra-vague,clear,0.0,response_to_treatment,75,ABSENT,"does not cover full cancer staging, treatment planning",ABSENT,
N32,Medical,Ultra-vague,clear,0.0,current_medications,70,MENTIONED,"past diagnoses, medications, allergies",MENTIONED,
N32,Medical,Ultra-vague,clear,0.0,biomarkers,65,ABSENT,Not addressed,ABSENT,
N32,Medical,Ultra-vague,clear,0.0,imaging_findings,60,MENTIONED,imaging reports; Radiology Department,MENTIONED,
N32,Medical,Ultra-vague,clear,0.0,comorbidities,55,MENTIONED,past diagnoses,MENTIONED,
N32,Medical,Ultra-vague,clear,0.0,patient_demographics,50,MENTIONED,"Full Name, Date of Birth, Gender",MENTIONED,
N32,Medical,Ultra-vague,clear,0.0,lab_values,45,MENTIONED,previous lab results; Laboratory Information System,MENTIONED,
N32,Medical,Ultra-vague,clear,0.0,treatment_plan,40,ABSENT,"does not cover full cancer staging, treatment planning",ABSENT,
N32,Medical,Ultra-vague,clear,0.0,follow_up_schedule,35,ABSENT,"does not cover full cancer staging, treatment planning",ABSENT,
N32,Medical,Ultra-vague,clear,0.0,patient_preferences,30,MENTIONED,Patient Communication Preferences,MENTIONED,
N32,Medical,Ultra-vague,clear,0.0,contraindications,20,MENTIONED,allergies,MENTIONED,
N32,Medical,Ultra-vague,clear,0.0,family_history,15,ABSENT,Not addressed,ABSENT,
N46,Medical,Medium,ambiguous,0.5149,primary_site,100,RESOLVED,cervical + mediastinal nodes,RESOLVED,
N46,Medical,Medium,ambiguous,0.5149,stage_classification,95,RESOLVED,stage IIA,RESOLVED,
N46,Medical,Medium,ambiguous,0.5149,treatment_received,90,RESOLVED,2 cycles ABVD completed,RESOLVED,
N46,Medical,Medium,ambiguous,0.5149,histology_subtype,85,RESOLVED,Classical Hodgkin Lymphoma,RESOLVED,
N46,Medical,Medium,ambiguous,0.5149,performance_status,80,ABSENT,Not addressed,ABSENT,
N46,Medical,Medium,ambiguous,0.5149,response_to_treatment,75,MENTIONED,"mid-treatment assessments (e.g., PET scans with Deauville scoring)",MENTIONED,
N46,Medical,Medium,ambiguous,0.5149,current_medications,70,ABSENT,Not addressed,ABSENT,
N46,Medical,Medium,ambiguous,0.5149,biomarkers,65,ABSENT,Not addressed,ABSENT,
N46,Medical,Medium,ambiguous,0.5149,imaging_findings,60,RESOLVED,PET scans with Deauville scoring,RESOLVED,
N46,Medical,Medium,ambiguous,0.5149,comorbidities,55,ABSENT,Not addressed,ABSENT,
N46,Medical,Medium,ambiguous,0.5149,patient_demographics,50,RESOLVED,"35 years, Female",RESOLVED,
N46,Medical,Medium,ambiguous,0.5149,lab_values,45,ABSENT,Not addressed,ABSENT,
N46,Medical,Medium,ambiguous,0.5149,treatment_plan,40,RESOLVED,Planning 2 more cycles then restaging,RESOLVED,
N46,Medical,Medium,ambiguous,0.5149,follow_up_schedule,35,MENTIONED,restaging,MENTIONED,
N46,Medical,Medium,ambiguous,0.5149,patient_preferences,30,ABSENT,Not addressed,ABSENT,
N46,Medical,Medium,ambiguous,0.5149,contraindications,20,ABSENT,Not addressed,ABSENT,
N46,Medical,Medium,ambiguous,0.5149,family_history,15,ABSENT,Not addressed,ABSENT,
N44,Medical,Medium,ambiguous,0.3366,primary_site,100,RESOLVED,AML - Acute Myeloid Leukemia,RESOLVED,
N44,Medical,Medium,ambiguous,0.3366,stage_classification,95,ABSENT,Not addressed,ABSENT,
N44,Medical,Medium,ambiguous,0.3366,treatment_received,90,RESOLVED,allogeneic stem cell transplant,RESOLVED,
N44,Medical,Medium,ambiguous,0.3366,histology_subtype,85,RESOLVED,AML - Acute Myeloid Leukemia,RESOLVED,
N44,Medical,Medium,ambiguous,0.3366,performance_status,80,ABSENT,Not addressed,ABSENT,
N44,Medical,Medium,ambiguous,0.3366,response_to_treatment,75,ABSENT,Not addressed,ABSENT,
N44,Medical,Medium,ambiguous,0.3366,current_medications,70,MENTIONED,"tacrolimus, methylprednisolone (no dosages)",MENTIONED,
N44,Medical,Medium,ambiguous,0.3366,biomarkers,65,RESOLVED,"CMV negative, Chimerism 98%",RESOLVED,
N44,Medical,Medium,ambiguous,0.3366,imaging_findings,60,ABSENT,Not addressed,ABSENT,
N44,Medical,Medium,ambiguous,0.3366,comorbidities,55,ABSENT,Not addressed,ABSENT,
N44,Medical,Medium,ambiguous,0.3366,patient_demographics,50,ABSENT,"No age, sex, or specific demographics",ABSENT,
N44,Medical,Medium,ambiguous,0.3366,lab_values,45,ABSENT,not evaluated,ABSENT,
N44,Medical,Medium,ambiguous,0.3366,treatment_plan,40,ABSENT,not evaluated,RESOLVED,
N44,Medical,Medium,ambiguous,0.3366,follow_up_schedule,35,ABSENT,not evaluated,ABSENT,
N44,Medical,Medium,ambiguous,0.3366,patient_preferences,30,ABSENT,not evaluated,ABSENT,
N44,Medical,Medium,ambiguous,0.3366,contraindications,20,ABSENT,not evaluated,ABSENT,
N44,Medical,Medium,ambiguous,0.3366,family_history,15,ABSENT,not evaluated,ABSENT,
N47,Medical,Medium,ambiguous,0.5446,primary_site,100,RESOLVED,Metastatic Melanoma (C43.9) -> skin,RESOLVED,
N47,Medical,Medium,ambiguous,0.5446,stage_classification,95,RESOLVED,Metastatic Melanoma,RESOLVED,
N47,Medical,Medium,ambiguous,0.5446,treatment_received,90,RESOLVED,Pembrolizumab,RESOLVED,
N47,Medical,Medium,ambiguous,0.5446,histology_subtype,85,RESOLVED,Melanoma,RESOLVED,
N47,Medical,Medium,ambiguous,0.5446,performance_status,80,ABSENT,Not addressed,ABSENT,
N47,Medical,Medium,ambiguous,0.5446,response_to_treatment,75,ABSENT,Not addressed,ABSENT,
N47,Medical,Medium,ambiguous,0.5446,current_medications,70,RESOLVED,Pembrolizumab 200mg Q3W,RESOLVED,
N47,Medical,Medium,ambiguous,0.5446,biomarkers,65,RESOLVED,BRAF V600E mutation,RESOLVED,
N47,Medical,Medium,ambiguous,0.5446,imaging_findings,60,ABSENT,Not addressed,ABSENT,
N47,Medical,Medium,ambiguous,0.5446,comorbidities,55,ABSENT,Not addressed,ABSENT,
N47,Medical,Medium,ambiguous,0.5446,patient_demographics,50,ABSENT,No concrete values for patient,ABSENT,
N47,Medical,Medium,ambiguous,0.5446,lab_values,45,RESOLVED,Stool calprotectin elevated,RESOLVED,
N47,Medical,Medium,ambiguous,0.5446,treatment_plan,40,ABSENT,Not addressed,RESOLVED,
N47,Medical,Medium,ambiguous,0.5446,follow_up_schedule,35,ABSENT,Not addressed,ABSENT,
N47,Medical,Medium,ambiguous,0.5446,patient_preferences,30,ABSENT,Not addressed,ABSENT,
N47,Medical,Medium,ambiguous,0.5446,contraindications,20,ABSENT,Not addressed,ABSENT,
N47,Medical,Medium,ambiguous,0.5446,family_history,15,ABSENT,Not addressed,ABSENT,
N41,Medical,Medium,ambiguous,0.5495,primary_site,100,RESOLVED,Colon Cancer,RESOLVED,
N41,Medical,Medium,ambiguous,0.5495,stage_classification,95,RESOLVED,"Stage III, T3N2M0",RESOLVED,
N41,Medical,Medium,ambiguous,0.5495,treatment_received,90,RESOLVED,8 cycles FOLFOX adjuvant chemotherapy,RESOLVED,
N41,Medical,Medium,ambiguous,0.5495,histology_subtype,85,ABSENT,Not addressed,ABSENT,
N41,Medical,Medium,ambiguous,0.5495,performance_status,80,RESOLVED,No current symptoms,RESOLVED,
N41,Medical,Medium,ambiguous,0.5495,response_to_treatment,75,ABSENT,Not addressed,ABSENT,
N41,Medical,Medium,ambiguous,0.5495,current_medications,70,ABSENT,Not addressed,ABSENT,
N41,Medical,Medium,ambiguous,0.5495,biomarkers,65,RESOLVED,CEA monthly,RESOLVED,
N41,Medical,Medium,ambiguous,0.5495,imaging_findings,60,ABSENT,No specific findings provided,ABSENT,
N41,Medical,Medium,ambiguous,0.5495,comorbidities,55,ABSENT,Not addressed,ABSENT,
N41,Medical,Medium,ambiguous,0.5495,patient_demographics,50,RESOLVED,55-year-old male,RESOLVED,
N41,Medical,Medium,ambiguous,0.5495,lab_values,45,ABSENT,No specific lab values provided,ABSENT,
N41,Medical,Medium,ambiguous,0.5495,treatment_plan,40,RESOLVED,"CT every 6 months, CEA monthly",RESOLVED,
N41,Medical,Medium,ambiguous,0.5495,follow_up_schedule,35,RESOLVED,"CT every 6 months, CEA monthly",RESOLVED,
N41,Medical,Medium,ambiguous,0.5495,patient_preferences,30,ABSENT,Not addressed,ABSENT,
N41,Medical,Medium,ambiguous,0.5495,contraindications,20,ABSENT,Not addressed,ABSENT,
N41,Medical,Medium,ambiguous,0.5495,family_history,15,ABSENT,Not addressed,ABSENT,
N57,Medical,Detailed,ambiguous,0.5693,primary_site,100,RESOLVED,Invasive Ductal Carcinoma (IDC),RESOLVED,
N57,Medical,Detailed,ambiguous,0.5693,stage_classification,95,RESOLVED,T2N1M0,RESOLVED,
N57,Medical,Detailed,ambiguous,0.5693,treatment_received,90,RESOLVED,"neoadjuvant AC chemotherapy (doxorubicin 60mg/m² + cyclophosphamide 600mg/m² Q3W × 4 cycles), C-sect",RESOLVED,
N57,Medical,Detailed,ambiguous,0.5693,histology_subtype,85,RESOLVED,Invasive Ductal Carcinoma (IDC) Grade 3,RESOLVED,
N57,Medical,Detailed,ambiguous,0.5693,performance_status,80,ABSENT,Not addressed,ABSENT,
N57,Medical,Detailed,ambiguous,0.5693,response_to_treatment,75,ABSENT,Not addressed,ABSENT,
N57,Medical,Detailed,ambiguous,0.5693,current_medications,70,ABSENT,"Only planned chemotherapy mentioned, no other current medications",ABSENT,
N57,Medical,Detailed,ambiguous,0.5693,biomarkers,65,RESOLVED,ER+ HER2+,RESOLVED,
N57,Medical,Detailed,ambiguous,0.5693,imaging_findings,60,ABSENT,"Mentions department, no specific findings",ABSENT,
N57,Medical,Detailed,ambiguous,0.5693,comorbidities,55,ABSENT,Not addressed,ABSENT,
N57,Medical,Detailed,ambiguous,0.5693,patient_demographics,50,RESOLVED,"42-year-old female, diagnosed at 28 weeks gestation",RESOLVED,
N57,Medical,Detailed,ambiguous,0.5693,lab_values,45,ABSENT,"Mentions services, no specific values",ABSENT,
N57,Medical,Detailed,ambiguous,0.5693,treatment_plan,40,RESOLVED,"neoadjuvant AC chemotherapy, Trastuzumab deferred, delivery at 37 weeks via C-section",RESOLVED,
N57,Medical,Detailed,ambiguous,0.5693,follow_up_schedule,35,ABSENT,"Requirement to establish plan, no concrete schedule",ABSENT,
N57,Medical,Detailed,ambiguous,0.5693,patient_preferences,30,RESOLVED,"highly anxious, requesting psychological support, partner present",RESOLVED,
N57,Medical,Detailed,ambiguous,0.5693,contraindications,20,RESOLVED,Trastuzumab deferred due to fetal risk,RESOLVED,
N57,Medical,Detailed,ambiguous,0.5693,family_history,15,ABSENT,Not addressed,ABSENT,
P48,Payments,Detailed,clear,0.0935,volume_per_trade,100,ABSENT,Not addressed,ABSENT,
P48,Payments,Detailed,clear,0.0935,payment_from,90,ABSENT,Not addressed,ABSENT,
P48,Payments,Detailed,clear,0.0935,risk_tolerance,85,MENTIONED,incorporate various risk controls; strict risk management,RESOLVED,
P48,Payments,Detailed,clear,0.0935,authorization_controls,80,ABSENT,Not addressed,ABSENT,
P48,Payments,Detailed,clear,0.0935,daily_limit,80,ABSENT,Not addressed,ABSENT,
P48,Payments,Detailed,clear,0.0935,currency,20,MENTIONED,"base currency (e.g., USD or USDT)",RESOLVED,
P48,Payments,Detailed,clear,0.0935,asset_type,25,RESOLVED,"limited set of assets (BTC, ETH, SOL)",RESOLVED,
P48,Payments,Detailed,clear,0.0935,exchanges,15,RESOLVED,"Binance, Coinbase Pro",RESOLVED,
P48,Payments,Detailed,clear,0.0935,trading_schedule,15,MENTIONED,time-based trading rules; economic calendar data,RESOLVED,
P48,Payments,Detailed,clear,0.0935,stop_loss,15,MENTIONED,Defines Drawdown; incorporate various risk controls,RESOLVED,
P48,Payments,Detailed,clear,0.0935,reporting,10,RESOLVED,real-time logging; trade logging,RESOLVED,
P44,Payments,Detailed,recovered,0.2523,volume_per_trade,100,MENTIONED,Position Sizing: configurable position sizing rules,RESOLVED,
P44,Payments,Detailed,recovered,0.2523,payment_from,90,ABSENT,Not addressed.,RESOLVED,
P44,Payments,Detailed,recovered,0.2523,risk_tolerance,85,MENTIONED,Risk Level Configuration: allow for configuration of,RESOLVED,
P44,Payments,Detailed,recovered,0.2523,authorization_controls,80,ABSENT,Not addressed.,ABSENT,
P44,Payments,Detailed,recovered,0.2523,daily_limit,80,RESOLVED,exceed 2% of the portfolio's starting daily value,RESOLVED,
P44,Payments,Detailed,recovered,0.2523,currency,20,MENTIONED,"US regulatory requirements, Nasdaq stock exchange",RESOLVED,
P44,Payments,Detailed,recovered,0.2523,asset_type,25,RESOLVED,"exclusively trade stocks listed on Nasdaq, large-cap, top 100 by volume",RESOLVED,
P44,Payments,Detailed,recovered,0.2523,exchanges,15,RESOLVED,exclusively trade stocks listed on the Nasdaq exchange,RESOLVED,
P44,Payments,Detailed,recovered,0.2523,trading_schedule,15,RESOLVED,"No Overnight Holding, closed before the market close",RESOLVED,
P44,Payments,Detailed,recovered,0.2523,stop_loss,15,MENTIONED,configurable stop-loss mechanism for each individual trade,RESOLVED,
P44,Payments,Detailed,recovered,0.2523,reporting,10,ABSENT,Not addressed.,ABSENT,
P37,Payments,Ultra-vague,recovered,0.2056,volume_per_trade,100,ABSENT,Not addressed at all,ABSENT,
P37,Payments,Ultra-vague,recovered,0.2056,payment_from,90,RESOLVED,"Credit Cards: Visa, MasterCard, American Express, Discover. Digital Wallets: PayPal, Apple Pay, Goog",RESOLVED,
P37,Payments,Ultra-vague,recovered,0.2056,risk_tolerance,85,ABSENT,"No risk level (conservative, moderate, aggressive) committed",ABSENT,
P37,Payments,Ultra-vague,recovered,0.2056,authorization_controls,80,ABSENT,No specific authorization rules or approval requirements,ABSENT,
P37,Payments,Ultra-vague,recovered,0.2056,daily_limit,80,ABSENT,Not addressed at all,ABSENT,
P37,Payments,Ultra-vague,recovered,0.2056,currency,20,RESOLVED,"MUST support transactions in [Specify Primary Currency, e.g., USD]",RESOLVED,
P37,Payments,Ultra-vague,recovered,0.2056,asset_type,25,ABSENT,No whitelist of allowed assets/instruments to trade,ABSENT,
P37,Payments,Ultra-vague,recovered,0.2056,exchanges,15,ABSENT,No whitelist of allowed exchanges/platforms,ABSENT,
P37,Payments,Ultra-vague,recovered,0.2056,trading_schedule,15,ABSENT,Not addressed at all,ABSENT,
P37,Payments,Ultra-vague,recovered,0.2056,stop_loss,15,ABSENT,Not addressed at all,ABSENT,
P37,Payments,Ultra-vague,recovered,0.2056,reporting,10,MENTIONED,necessary reporting; log all transaction attempts,ABSENT,
P39,Payments,Ultra-vague,recovered,0.2991,volume_per_trade,100,MENTIONED,input the amount of ETH they wish to stake,RESOLVED,
P39,Payments,Ultra-vague,recovered,0.2991,payment_from,90,RESOLVED,"Web3 wallet (e.g., MetaMask, WalletConnect)",RESOLVED,
P39,Payments,Ultra-vague,recovered,0.2991,risk_tolerance,85,MENTIONED,strong emphasis on risk mitigation,RESOLVED,
P39,Payments,Ultra-vague,recovered,0.2991,authorization_controls,80,MENTIONED,facilitate the staking transaction via the connected wallet,RESOLVED,
P39,Payments,Ultra-vague,recovered,0.2991,daily_limit,80,ABSENT,Not addressed,ABSENT,
P39,Payments,Ultra-vague,recovered,0.2991,currency,20,RESOLVED,"ETH, LSTs, stablecoins",RESOLVED,
P39,Payments,Ultra-vague,recovered,0.2991,asset_type,25,RESOLVED,"ETH, LSTs (stETH, rETH, sfrxETH), stablecoins (USDC)",RESOLVED,
P39,Payments,Ultra-vague,recovered,0.2991,exchanges,15,RESOLVED,"Lido, Rocket Pool, Frax Finance, Uniswap V3, Curve, Balancer",RESOLVED,
P39,Payments,Ultra-vague,recovered,0.2991,trading_schedule,15,ABSENT,Not addressed,ABSENT,
P39,Payments,Ultra-vague,recovered,0.2991,stop_loss,15,MENTIONED,"monitoring of current positions, rewards, and estimated losses",RESOLVED,
P39,Payments,Ultra-vague,recovered,0.2991,reporting,10,RESOLVED,Transaction history and performance reporting,RESOLVED,
N83,Payments,Medium,recovered,0.0841,volume_per_trade,100,ABSENT,Not addressed,ABSENT,
N83,Payments,Medium,recovered,0.0841,payment_from,90,ABSENT,No specific source accounts/wallets mentioned,ABSENT,
N83,Payments,Medium,recovered,0.0841,risk_tolerance,85,ABSENT,Not addressed,ABSENT,
N83,Payments,Medium,recovered,0.0841,authorization_controls,80,ABSENT,Not addressed,RESOLVED,
N83,Payments,Medium,recovered,0.0841,daily_limit,80,ABSENT,Not addressed,ABSENT,
N83,Payments,Medium,recovered,0.0841,currency,20,RESOLVED,"USD, GBP, EUR, AED explicitly listed (FR1.1)",RESOLVED,
N83,Payments,Medium,recovered,0.0841,asset_type,25,ABSENT,Not addressed,ABSENT,
N83,Payments,Medium,recovered,0.0841,exchanges,15,MENTIONED,Integrate with multiple reputable currency exchange rate providers (FR3.4),RESOLVED,
N83,Payments,Medium,recovered,0.0841,trading_schedule,15,RESOLVED,"Month-end, no conversion during weekends, next business day (FR3.1, FR3.5)",RESOLVED,
N83,Payments,Medium,recovered,0.0841,stop_loss,15,ABSENT,Not addressed,ABSENT,
N83,Payments,Medium,recovered,0.0841,reporting,10,RESOLVED,"Record of each conversion, comprehensive log (FR3.7, FR4.1)",RESOLVED,
N93,Payments,Detailed,recovered,0.1308,volume_per_trade,100,ABSENT,No maximum amount per trade specified,ABSENT,
N93,Payments,Detailed,recovered,0.1308,payment_from,90,ABSENT,"Only 'incoming' funds mentioned, no specific source",ABSENT,
N93,Payments,Detailed,recovered,0.1308,risk_tolerance,85,ABSENT,Risk level not explicitly stated,ABSENT,
N93,Payments,Detailed,recovered,0.1308,authorization_controls,80,MENTIONED,"Manual override by 'authorized users' mentioned, but multi-sig details absent",RESOLVED,
N93,Payments,Detailed,recovered,0.1308,daily_limit,80,ABSENT,No daily spending/trading cap mentioned,ABSENT,
N93,Payments,Detailed,recovered,0.1308,currency,20,RESOLVED,"USD for runway, USDC against USD prices",RESOLVED,
N93,Payments,Detailed,recovered,0.1308,asset_type,25,RESOLVED,"BTC, ETH, USDC",RESOLVED,
N93,Payments,Detailed,recovered,0.1308,exchanges,15,MENTIONED,"Integrate with 'reputable cryptocurrency exchanges', no specific names",RESOLVED,
N93,Payments,Detailed,recovered,0.1308,trading_schedule,15,ABSENT,No time-based restrictions mentioned,RESOLVED,
N93,Payments,Detailed,recovered,0.1308,stop_loss,15,RESOLVED,Price drops below 30-day moving average,RESOLVED,
N93,Payments,Detailed,recovered,0.1308,reporting,10,RESOLVED,"Transaction history, cost basis, runway calculation, conversion logging",RESOLVED,
N70,Payments,Ultra-vague,recovered,0.3645,volume_per_trade,100,MENTIONED,purchase a low-cost NFT,RESOLVED,
N70,Payments,Ultra-vague,recovered,0.3645,payment_from,90,RESOLVED,"newly created wallet, funded via fiat-to-crypto",RESOLVED,
N70,Payments,Ultra-vague,recovered,0.3645,risk_tolerance,85,MENTIONED,"minimize initial investment, understand associated risks",RESOLVED,
N70,Payments,Ultra-vague,recovered,0.3645,authorization_controls,80,RESOLVED,user must confirm the transaction via their connected wallet,RESOLVED,
N70,Payments,Ultra-vague,recovered,0.3645,daily_limit,80,ABSENT,not addressed,RESOLVED,
N70,Payments,Ultra-vague,recovered,0.3645,currency,20,MENTIONED,"native cryptocurrency, estimated fiat equivalent",RESOLVED,
N70,Payments,Ultra-vague,recovered,0.3645,asset_type,25,RESOLVED,NFTs,RESOLVED,
N70,Payments,Ultra-vague,recovered,0.3645,exchanges,15,MENTIONED,"chosen NFT marketplace, reputable, user-friendly exchange",MENTIONED,
N70,Payments,Ultra-vague,recovered,0.3645,trading_schedule,15,ABSENT,not addressed,RESOLVED,
N70,Payments,Ultra-vague,recovered,0.3645,stop_loss,15,ABSENT,not addressed,ABSENT,
N70,Payments,Ultra-vague,recovered,0.3645,reporting,10,ABSENT,not addressed,ABSENT,
N72,Payments,Ultra-vague,recovered,0.0,volume_per_trade,100,MENTIONED,enforce minimum and maximum transfer amounts,RESOLVED,
N72,Payments,Ultra-vague,recovered,0.0,payment_from,90,MENTIONED,select a source account from their linked accounts,RESOLVED,
N72,Payments,Ultra-vague,recovered,0.0,risk_tolerance,85,ABSENT,Not addressed,RESOLVED,
N72,Payments,Ultra-vague,recovered,0.0,authorization_controls,80,MENTIONED,Security and access control for user accounts; authenticate,RESOLVED,
N72,Payments,Ultra-vague,recovered,0.0,daily_limit,80,ABSENT,Not addressed,RESOLVED,
N72,Payments,Ultra-vague,recovered,0.0,currency,20,MENTIONED,"examples use '$100', '$5,000'",RESOLVED,
N72,Payments,Ultra-vague,recovered,0.0,asset_type,25,ABSENT,Not addressed,RESOLVED,
N72,Payments,Ultra-vague,recovered,0.0,exchanges,15,ABSENT,Not addressed,RESOLVED,
N72,Payments,Ultra-vague,recovered,0.0,trading_schedule,15,MENTIONED,"Date/Time Based: Specific Date, Recurring",RESOLVED,
N72,Payments,Ultra-vague,recovered,0.0,stop_loss,15,ABSENT,Not addressed,RESOLVED,
N72,Payments,Ultra-vague,recovered,0.0,reporting,10,MENTIONED,robust reporting and notification capabilities; audit trails,RESOLVED,
N74,Payments,Ultra-vague,recovered,0.3832,volume_per_trade,100,MENTIONED,Position Sizing Method,RESOLVED,
N74,Payments,Ultra-vague,recovered,0.3832,payment_from,90,RESOLVED,selection of the trading account,RESOLVED,
N74,Payments,Ultra-vague,recovered,0.3832,risk_tolerance,85,MENTIONED,configure all risk management parameters,RESOLVED,
N74,Payments,Ultra-vague,recovered,0.3832,authorization_controls,80,RESOLVED,User Authentication & Authorization; single user,RESOLVED,
N74,Payments,Ultra-vague,recovered,0.3832,daily_limit,80,ABSENT,Not addressed,RESOLVED,
N74,Payments,Ultra-vague,recovered,0.3832,currency,20,ABSENT,Not addressed,RESOLVED,
N74,Payments,Ultra-vague,recovered,0.3832,asset_type,25,RESOLVED,Initial Commodity List (Examples),RESOLVED,
N74,Payments,Ultra-vague,recovered,0.3832,exchanges,15,MENTIONED,chosen brokerage platform; examples of data providers,RESOLVED,
N74,Payments,Ultra-vague,recovered,0.3832,trading_schedule,15,ABSENT,Not addressed,ABSENT,
N74,Payments,Ultra-vague,recovered,0.3832,stop_loss,15,MENTIONED,explicit stop-loss/take-profit,MENTIONED,
N74,Payments,Ultra-vague,recovered,0.3832,reporting,10,RESOLVED,Performance tracking and reporting,RESOLVED,
N87,Payments,Medium,recovered,0.4486,volume_per_trade,100,MENTIONED,"Transfer Amount = (Current Business Account Balance) - €5,000.00 (no maximum)",RESOLVED,
N87,Payments,Medium,recovered,0.4486,payment_from,90,RESOLVED,from my business account,RESOLVED,
N87,Payments,Medium,recovered,0.4486,risk_tolerance,85,ABSENT,Not addressed,RESOLVED,
N87,Payments,Medium,recovered,0.4486,authorization_controls,80,RESOLVED,"Rule Activation/Deactivation, Rule Modification, Rule Viewing",RESOLVED,
N87,Payments,Medium,recovered,0.4486,daily_limit,80,ABSENT,Not addressed,RESOLVED,
N87,Payments,Medium,recovered,0.4486,currency,20,RESOLVED,Euro (€),RESOLVED,
N87,Payments,Medium,recovered,0.4486,asset_type,25,RESOLVED,wire transfer of funds,RESOLVED,
N87,Payments,Medium,recovered,0.4486,exchanges,15,ABSENT,Not addressed,MENTIONED,
N87,Payments,Medium,recovered,0.4486,trading_schedule,15,RESOLVED,every Friday at 17:00 UTC,RESOLVED,
N87,Payments,Medium,recovered,0.4486,stop_loss,15,ABSENT,Not addressed,ABSENT,
N87,Payments,Medium,recovered,0.4486,reporting,10,RESOLVED,"Successful Transfer Notification, Failed Transfer Notification, Rule Execution Log",RESOLVED,
V01,Payments,Detailed,new_detailed,0.1589,volume_per_trade,100,MENTIONED,configurable notional value per side,RESOLVED,
V01,Payments,Detailed,new_detailed,0.1589,payment_from,90,ABSENT,Not addressed,ABSENT,
V01,Payments,Detailed,new_detailed,0.1589,risk_tolerance,85,ABSENT,"Specific controls, but no classification (e.g., moderate)",ABSENT,
V01,Payments,Detailed,new_detailed,0.1589,authorization_controls,80,ABSENT,Not addressed,ABSENT,
V01,Payments,Detailed,new_detailed,0.1589,daily_limit,80,ABSENT,"Daily PnL stop-loss, not trading cap",ABSENT,
V01,Payments,Detailed,new_detailed,0.1589,currency,20,RESOLVED,USDT,RESOLVED,
V01,Payments,Detailed,new_detailed,0.1589,asset_type,25,RESOLVED,XYZ/USDT,RESOLVED,
V01,Payments,Detailed,new_detailed,0.1589,exchanges,15,RESOLVED,Binance,RESOLVED,
V01,Payments,Detailed,new_detailed,0.1589,trading_schedule,15,ABSENT,Not addressed,ABSENT,
V01,Payments,Detailed,new_detailed,0.1589,stop_loss,15,RESOLVED,"-$5,000 daily PnL",RESOLVED,
V01,Payments,Detailed,new_detailed,0.1589,reporting,10,RESOLVED,"TimescaleDB logging, PagerDuty alerts",RESOLVED,
V02,Payments,Detailed,new_detailed,0.6075,volume_per_trade,100,RESOLVED,"maximum of $50,000",RESOLVED,
V02,Payments,Detailed,new_detailed,0.6075,payment_from,90,RESOLVED,Client via Stripe,RESOLVED,
V02,Payments,Detailed,new_detailed,0.6075,risk_tolerance,85,ABSENT,Not addressed,ABSENT,
V02,Payments,Detailed,new_detailed,0.6075,authorization_controls,80,RESOLVED,"Client approval, auto-release, dispute window, manual review",RESOLVED,
V02,Payments,Detailed,new_detailed,0.6075,daily_limit,80,ABSENT,Not addressed,ABSENT,
V02,Payments,Detailed,new_detailed,0.6075,currency,20,RESOLVED,United States Dollars (USD) at launch,RESOLVED,
V02,Payments,Detailed,new_detailed,0.6075,asset_type,25,RESOLVED,Funds for freelance jobs,RESOLVED,
V02,Payments,Detailed,new_detailed,0.6075,exchanges,15,ABSENT,"Not applicable, no other exchanges mentioned",RESOLVED,
V02,Payments,Detailed,new_detailed,0.6075,trading_schedule,15,ABSENT,Not addressed,ABSENT,
V02,Payments,Detailed,new_detailed,0.6075,stop_loss,15,ABSENT,Not addressed,ABSENT,
V02,Payments,Detailed,new_detailed,0.6075,reporting,10,RESOLVED,full transaction ledger for accounting reconciliation,RESOLVED,
V03,Payments,Detailed,new_detailed,0.3458,volume_per_trade,100,RESOLVED,"max 10% of portfolio notional per trade ($500,000)",RESOLVED,
V03,Payments,Detailed,new_detailed,0.3458,payment_from,90,MENTIONED,"cash-secured puts, Portfolio: $500,000 (implies source, no name)",RESOLVED,
V03,Payments,Detailed,new_detailed,0.3458,risk_tolerance,85,MENTIONED,strict risk management parameters (no specific label like 'moderate'),RESOLVED,
V03,Payments,Detailed,new_detailed,0.3458,authorization_controls,80,ABSENT,"automate a systematic strategy, Tastytrade API (no human-in-loop)",ABSENT,
V03,Payments,Detailed,new_detailed,0.3458,daily_limit,80,ABSENT,No cumulative daily spending/trading cap specified,ABSENT,
V03,Payments,Detailed,new_detailed,0.3458,currency,20,RESOLVED,"SPX Index, $500,000 (implies USD)",RESOLVED,
V03,Payments,Detailed,new_detailed,0.3458,asset_type,25,RESOLVED,"SPX Index, Put options only, Cash-Secured Put",RESOLVED,
V03,Payments,Detailed,new_detailed,0.3458,exchanges,15,RESOLVED,Broker: Tastytrade API,RESOLVED,
V03,Payments,Detailed,new_detailed,0.3458,trading_schedule,15,RESOLVED,"first trading day of each week, No earnings-week entries, market hours",RESOLVED,
V03,Payments,Detailed,new_detailed,0.3458,stop_loss,15,ABSENT,No explicit stop-loss rule or drawdown limit,ABSENT,
V03,Payments,Detailed,new_detailed,0.3458,reporting,10,RESOLVED,Daily Greeks report emailed at market close,RESOLVED,
V04,Payments,Detailed,new_detailed,0.0187,volume_per_trade,100,ABSENT,Not addressed.,ABSENT,
V04,Payments,Detailed,new_detailed,0.0187,payment_from,90,ABSENT,Source account for funds not specified.,ABSENT,
V04,Payments,Detailed,new_detailed,0.0187,risk_tolerance,85,ABSENT,Not addressed.,ABSENT,
V04,Payments,Detailed,new_detailed,0.0187,authorization_controls,80,MENTIONED,multi-partner approval workflow,RESOLVED,
V04,Payments,Detailed,new_detailed,0.0187,daily_limit,80,ABSENT,Not addressed.,ABSENT,
V04,Payments,Detailed,new_detailed,0.0187,currency,20,ABSENT,Not addressed.,ABSENT,
V04,Payments,Detailed,new_detailed,0.0187,asset_type,25,ABSENT,Not addressed.,ABSENT,
V04,Payments,Detailed,new_detailed,0.0187,exchanges,15,ABSENT,Not addressed.,ABSENT,
V04,Payments,Detailed,new_detailed,0.0187,trading_schedule,15,ABSENT,Not addressed.,ABSENT,
V04,Payments,Detailed,new_detailed,0.0187,stop_loss,15,ABSENT,Not addressed.,ABSENT,
V04,Payments,Detailed,new_detailed,0.0187,reporting,10,RESOLVED,maintaining a comprehensive audit trail,RESOLVED,
V05,Payments,Detailed,new_detailed,0.4766,volume_per_trade,100,ABSENT,No explicit maximum dollar amount per individual trade/transaction.,ABSENT,
V05,Payments,Detailed,new_detailed,0.4766,payment_from,90,RESOLVED,Borrow USDC on Aave,RESOLVED,
V05,Payments,Detailed,new_detailed,0.4766,risk_tolerance,85,MENTIONED,"LTV below 70%, auto-deleverage if LTV exceeds 75%",RESOLVED,
V05,Payments,Detailed,new_detailed,0.4766,authorization_controls,80,RESOLVED,"Multi-sig (3-of-5) required for any unwind above $100,000",RESOLVED,
V05,Payments,Detailed,new_detailed,0.4766,daily_limit,80,ABSENT,No daily spending/trading cap mentioned.,ABSENT,
V05,Payments,Detailed,new_detailed,0.4766,currency,20,RESOLVED,"USDC, sDAI, $",RESOLVED,
V05,Payments,Detailed,new_detailed,0.4766,asset_type,25,RESOLVED,"stablecoin, USDC, sDAI",RESOLVED,
V05,Payments,Detailed,new_detailed,0.4766,exchanges,15,RESOLVED,Aave,RESOLVED,
V05,Payments,Detailed,new_detailed,0.4766,trading_schedule,15,ABSENT,No time-based restrictions or blackout periods.,ABSENT,
V05,Payments,Detailed,new_detailed,0.4766,stop_loss,15,RESOLVED,auto-deleverage if LTV exceeds 75%; unwind if spread below 1.5%,RESOLVED,
V05,Payments,Detailed,new_detailed,0.4766,reporting,10,RESOLVED,"Daily report: net APY, LTV, liquidation buffer",RESOLVED,
V06,Payments,Detailed,new_detailed,0.2523,volume_per_trade,100,ABSENT,No transaction limits specified,ABSENT,
V06,Payments,Detailed,new_detailed,0.2523,payment_from,90,ABSENT,Source account/wallet type not specified,ABSENT,
V06,Payments,Detailed,new_detailed,0.2523,risk_tolerance,85,ABSENT,Not addressed,ABSENT,
V06,Payments,Detailed,new_detailed,0.2523,authorization_controls,80,RESOLVED,"Emirates ID verification, sender confirmation",RESOLVED,
V06,Payments,Detailed,new_detailed,0.2523,daily_limit,80,ABSENT,No daily or monthly limits specified,ABSENT,
V06,Payments,Detailed,new_detailed,0.2523,currency,20,RESOLVED,send amount in AED,RESOLVED,
V06,Payments,Detailed,new_detailed,0.2523,asset_type,25,RESOLVED,"money transfer, funds, currency conversion",RESOLVED,
V06,Payments,Detailed,new_detailed,0.2523,exchanges,15,ABSENT,Not addressed,ABSENT,
V06,Payments,Detailed,new_detailed,0.2523,trading_schedule,15,ABSENT,Not addressed,ABSENT,
V06,Payments,Detailed,new_detailed,0.2523,stop_loss,15,ABSENT,Not addressed,ABSENT,
V06,Payments,Detailed,new_detailed,0.2523,reporting,10,RESOLVED,"Transaction History, Transaction Status Tracking",RESOLVED,
